"Rank","Player_Name","Team","Round_Played","Rating","Avg_Combat_Score","Kill_Death_Ratio","KAST_Percentage","Avg_Damage_Per_Round","Kill_Per_Round","Assist_Per_Round","FirstKill_Per_Round","FirstDeath_Per_Round","Headshot_Percentage","Clutch_Percentage","Max_Kill_Single_Map","Kills","Deaths","Assists","First_Kills","First_Deaths"
1,"cortezia","SEN",351,1.3,236.9,1.49,76,156.2,0.86,0.22,0.1,0.07,34,14,27,303,203,77,35,24
2,"77even","FOCU",342,1.29,277.3,1.4,70,174.9,0.99,0.14,0.18,0.13,41,14,34,339,243,49,60,43
3,"Smoke","YFP",372,1.27,247,1.41,74,161.6,0.89,0.16,0.15,0.07,21,14,31,331,234,61,54,27
4,"Chronicle","VIT",299,1.26,234.5,1.46,76,151.5,0.84,0.22,0.13,0.1,25,19,30,252,173,65,39,30
5,"Insanity","RAD",230,1.25,255.7,1.24,76,168.3,0.9,0.44,0.11,0.08,33,10,36,207,167,102,25,18
6,"Nora","PRS",203,1.24,228,1.32,80,147.2,0.82,0.37,0.08,0.08,30,21,22,166,126,75,17,17
7,"kendo","HLT",272,1.23,246.6,1.4,76,158,0.92,0.23,0.18,0.11,32,20,30,250,178,62,49,30
8,"Muddy","LGCY",217,1.23,253.8,1.24,75,171.7,0.89,0.24,0.13,0.11,31,13,27,194,156,53,28,23
9,"CHAROD","YFP.X",203,1.21,266.1,1.42,77,165.8,0.99,0.2,0.17,0.12,32,14,28,200,141,40,34,25
10,"Reverie","WTH",240,1.21,214,1.23,71,143,0.77,0.3,0.08,0.05,29,23,27,185,151,72,19,13
11,"Unfair","ATN",364,1.2,245.3,1.28,74,162.3,0.88,0.18,0.11,0.07,38,11,28,322,252,67,41,27
12,"Anq","BWBB",304,1.19,249.2,1.21,69,151.7,0.86,0.18,0.16,0.12,25,17,28,262,217,56,49,37
13,"Izzy","EF",902,1.19,249.4,1.34,72,154.5,0.9,0.17,0.22,0.18,26,12,29,808,604,152,195,158
14,"Reduxx","CUBE",351,1.19,241.6,1.31,74,153.7,0.87,0.26,0.17,0.1,33,17,31,304,232,93,58,36
15,"jawgemo","G2",305,1.19,230.5,1.19,73,148.6,0.85,0.23,0.19,0.13,24,44,34,258,216,70,35,25
16,"kayyr","PG",252,1.19,249.4,1.25,72,159.9,0.9,0.17,0.15,0.12,33,5,29,228,183,43,37,31
17,"Munchkin","T1",233,1.18,198.5,1.22,79,123.3,0.72,0.54,0.09,0.07,19,15,21,168,138,125,21,16
18,"Yuvi","GEA",313,1.18,227.5,1.18,72,145.1,0.79,0.34,0.12,0.04,31,13,35,246,208,106,39,11
19,"SPMAK","ING",370,1.18,225.4,1.12,75,149.7,0.74,0.35,0.11,0.07,14,19,29,272,243,129,42,26
20,"Jemkin","RRQ",200,1.18,229.9,1.21,74,146.5,0.84,0.18,0.2,0.19,27,8,25,167,138,36,35,34
21,"MONSTEERR","TH",216,1.18,239.6,1.34,75,153.5,0.86,0.21,0.13,0.08,30,18,26,186,139,45,29,17
22,"seph1roth","FS",386,1.17,213.6,1.26,76,139.8,0.77,0.3,0.1,0.07,34,11,28,299,238,114,38,26
23,"daiki","TLV",274,1.17,215.1,1.22,70,132.7,0.78,0.31,0.06,0.05,32,27,22,213,174,86,16,15
24,"Bizerra","TLV",274,1.16,237.4,1.18,73,156.4,0.8,0.26,0.12,0.08,23,15,25,219,185,70,34,23
25,"f1cio","FCY",358,1.16,223.8,1.24,76,151.1,0.84,0.23,0.11,0.09,36,17,33,300,241,84,38,34
26,"Leviathan","FS",231,1.16,222.9,1.33,77,143.2,0.82,0.26,0.15,0.07,43,5,28,189,142,61,34,16
27,"GSR","TLA",424,1.16,243.2,1.21,73,157.5,0.84,0.35,0.13,0.09,33,7,23,357,296,150,53,38
28,"bstrdd","MIBR.GC",333,1.16,227.6,1.27,74,144.2,0.83,0.23,0.13,0.11,27,13,29,276,218,75,44,37
29,"trent","G2",305,1.16,183.3,1.11,75,123.3,0.68,0.3,0.08,0.08,29,29,25,207,186,91,14,15
30,"musashi","SGE",475,1.16,220.9,1.27,76,142.4,0.77,0.32,0.08,0.06,24,17,24,366,288,153,39,27
31,"Fizzy","MOUZ",337,1.16,221.1,1.3,76,134.7,0.81,0.33,0.09,0.08,28,17,27,272,210,111,29,27
32,"qu1ckz","",272,1.16,217,1.19,74,144.3,0.82,0.24,0.1,0.03,43,13,26,222,186,64,26,9
33,"bones","PLUG",387,1.16,216.3,1.18,76,140.7,0.78,0.27,0.05,0.04,25,14,26,300,255,104,20,14
34,"Wolfen","CGN",271,1.15,216.6,1.24,73,139.9,0.8,0.21,0.11,0.09,28,18,25,216,174,56,30,24
35,"dth","ELV",283,1.15,222.3,1.26,75,140.4,0.79,0.35,0.1,0.08,32,16,27,223,177,100,28,22
36,"NoHelp","OXJ",385,1.15,232.3,1.17,70,145.9,0.83,0.28,0.1,0.1,29,19,25,318,271,109,40,40
37,"Davia","MT",301,1.15,252.4,1.21,67,157.5,0.9,0.18,0.21,0.16,34,21,27,272,224,53,63,48
38,"YuNo","UCAM",249,1.15,220.7,1.11,76,140.1,0.75,0.36,0.1,0.06,28,17,25,187,169,89,25,15
39,"Czester","FLK",359,1.15,219.4,1.14,72,141.8,0.77,0.38,0.08,0.09,34,24,26,276,243,137,28,33
40,"stallion","BZK",427,1.15,227.3,1.16,75,144.6,0.8,0.4,0.1,0.07,30,9,24,341,293,172,44,29
41,"Kaoticc","BOXR",303,1.14,237,1.23,71,143.7,0.85,0.21,0.18,0.17,26,25,31,258,209,64,56,51
42,"NMSRLM","PUG",259,1.14,215.8,1.18,72,140.5,0.78,0.14,0.12,0.06,32,10,23,202,171,35,32,15
43,"shawz","Over",357,1.14,236.4,1.2,75,156.6,0.85,0.22,0.14,0.11,23,14,28,302,252,77,50,41
44,"Klaus","VL",212,1.14,212,1.18,72,132.5,0.77,0.14,0.12,0.08,39,10,21,163,138,29,25,18
45,"Tiezzi","ELV",443,1.14,239.7,1.18,72,153.7,0.83,0.21,0.21,0.16,27,20,25,368,313,93,95,73
46,"Jerrwin","SAD",418,1.14,262.5,1.16,74,164.6,0.91,0.25,0.21,0.16,21,6,29,380,327,104,86,65
47,"penny","C9",281,1.14,229.3,1.2,73,147.3,0.81,0.21,0.11,0.1,21,16,29,227,189,58,31,28
48,"Katu","UCAM",359,1.14,213.8,1.17,71,136.3,0.76,0.2,0.16,0.09,34,18,26,274,234,73,57,33
49,"nysHAA","BDX",361,1.14,197.7,1.15,73,131.4,0.75,0.29,0.04,0.05,32,15,31,270,234,106,15,19
50,"Derke","VIT",299,1.13,226.5,1.24,73,151.8,0.81,0.16,0.16,0.1,29,14,25,243,196,48,49,30
51,"XuNa","VL",212,1.13,199.4,1.18,72,139.7,0.69,0.23,0.05,0.04,37,34,19,147,125,49,11,9
52,"Venka","RNTX",218,1.13,250.3,1.16,73,160.7,0.89,0.16,0.14,0.13,38,17,29,193,167,35,30,28
53,"AKUMAAAAA","NXR",353,1.13,232.1,1.2,75,148.1,0.82,0.39,0.1,0.1,39,10,25,291,243,138,34,34
54,"dodonut","SRG",361,1.13,224.6,1.25,73,143.4,0.81,0.24,0.17,0.15,26,11,25,292,233,87,63,55
55,"k1ngkappa","S8UL",218,1.13,230,1.22,68,149.8,0.83,0.17,0.12,0.08,31,37,24,181,148,36,27,18
56,"Jamelinho213","UCAM",616,1.12,237.8,1.18,72,153.5,0.85,0.19,0.14,0.14,35,23,27,523,442,117,89,85
57,"Flickless","GX",316,1.12,206.3,1.09,76,130.3,0.7,0.41,0.12,0.07,28,13,21,220,201,129,37,21
58,"iZu","T1",297,1.12,230.8,1.23,76,146.2,0.82,0.19,0.13,0.1,28,9,27,243,198,55,38,29
59,"Paradox","RAD",313,1.12,209.1,1.13,74,134.9,0.75,0.31,0.06,0.04,31,18,23,234,208,97,18,14
60,"wtex","FB",501,1.12,246.8,1.19,68,160.2,0.87,0.23,0.2,0.2,31,18,27,437,367,117,100,99
61,"xeus","EF",281,1.12,244.6,1.26,75,157.7,0.86,0.19,0.19,0.11,37,36,28,243,193,54,54,31
62,"Stwz1","IMP",245,1.12,216.2,1.07,73,138.9,0.73,0.47,0.12,0.07,27,25,23,179,167,114,29,18
63,"Dark3st","QOR",594,1.12,222.3,1.11,76,147.8,0.78,0.44,0.09,0.08,30,18,27,461,417,263,52,50
64,"traded","KRÜ",364,1.11,237.5,1.15,71,150.5,0.87,0.21,0.1,0.07,25,18,27,316,275,76,37,27
65,"prayy","ATN",420,1.11,233.8,1.12,72,154.2,0.82,0.19,0.17,0.14,28,20,28,345,307,78,70,58
66,"sarahcat","SRG",361,1.11,214.5,1.13,77,141.9,0.75,0.34,0.1,0.07,24,9,23,269,238,121,37,24
67,"skz","FUR.AC",236,1.11,212.9,1.09,76,138.8,0.79,0.33,0.09,0.08,34,7,22,187,171,78,22,18
68,"k0rupt","EVX",250,1.11,195.7,1.2,80,131.3,0.71,0.34,0.06,0.1,27,14,20,178,148,86,14,24
69,"Terrox","GSH",242,1.11,225.5,1.14,66,144.2,0.8,0.15,0.14,0.1,17,14,26,193,170,37,35,23
70,"NaySo","KE",284,1.11,240.1,1.14,74,147.6,0.84,0.21,0.15,0.12,31,3,28,238,209,59,42,34
71,"alvinboy","TSM",291,1.11,213.4,1.16,72,138,0.77,0.14,0.14,0.1,32,19,27,225,194,41,40,28
72,"OXY","C9",281,1.11,240.2,1.16,70,155,0.86,0.19,0.16,0.14,26,23,30,241,208,53,46,39
73,"srN","MIBR.GC",333,1.11,241.6,1.16,73,160.4,0.82,0.24,0.15,0.18,20,15,26,273,236,80,51,59
74,"Apinya","FS",386,1.11,221.8,1.15,74,151.2,0.76,0.25,0.12,0.08,30,17,28,292,254,98,45,30
75,"twilight","",358,1.11,213.4,1.09,78,139.4,0.74,0.41,0.08,0.07,36,20,26,264,243,145,29,26
76,"PROFEK","VIT",299,1.11,198.2,1.24,74,129,0.74,0.34,0.07,0.07,30,8,21,220,178,101,22,21
77,"ara","GX",316,1.1,226.1,1.24,72,143.5,0.82,0.14,0.15,0.14,31,14,30,259,209,44,48,43
78,"swagzor","NOVO",237,1.1,257.2,1.12,71,165.9,0.88,0.23,0.23,0.17,28,9,27,209,186,54,54,40
79,"om3y","LYE",701,1.1,216.3,1.18,69,142.2,0.8,0.12,0.12,0.09,28,16,25,558,473,87,82,60
80,"crashies","FNC",378,1.1,194.7,1.15,71,134.3,0.72,0.25,0.05,0.06,39,16,25,273,238,94,18,23
81,"welyy","SAD",411,1.1,194.6,1.09,78,129.3,0.66,0.34,0.1,0.05,25,23,23,273,250,138,41,22
82,"valyn","G2",305,1.1,209.7,1.09,78,133.1,0.76,0.34,0.12,0.08,31,17,27,231,212,104,22,14
83,"azury","SGE",475,1.1,210.1,1.16,74,137.7,0.76,0.27,0.09,0.09,29,16,23,359,309,129,45,44
84,"Boni","QOR",369,1.09,248.1,1.11,74,156.7,0.84,0.28,0.18,0.14,28,21,27,309,279,104,66,50
85,"Luca","TSE",352,1.09,202.2,1.07,73,134.6,0.71,0.36,0.08,0.06,24,17,33,249,232,126,29,21
86,"vora","100T",222,1.09,196,1.03,70,135.8,0.7,0.32,0.08,0.05,27,10,33,155,150,72,17,11
87,"Zyppan","M8",471,1.09,212.5,1.12,75,137.8,0.77,0.29,0.05,0.06,39,19,26,365,325,138,25,28
88,"Kipperman","SIKO",261,1.09,251,1.15,68,159,0.88,0.2,0.15,0.2,33,10,28,229,199,53,40,52
89,"Shondex","SAD",229,1.09,191.5,1.17,76,132.1,0.71,0.22,0.05,0.07,39,3,28,162,138,50,11,15
90,"sterben","EF",902,1.09,202.6,1.15,74,133.8,0.72,0.32,0.07,0.07,28,23,23,652,569,292,60,66
91,"globeX","BAR",271,1.09,221.9,1.14,72,148,0.79,0.29,0.11,0.11,24,4,27,213,187,78,31,31
92,"practo","NBG",312,1.08,208.6,1.17,71,136.3,0.76,0.21,0.11,0.11,29,19,26,238,203,67,35,33
93,"Sayonara","VIT",299,1.08,216.3,1.16,75,137,0.73,0.27,0.14,0.07,36,9,25,219,189,80,41,20
94,"nicksz","RED",245,1.08,202.4,1.13,73,132.6,0.71,0.35,0.07,0.1,29,30,24,174,154,86,16,24
95,"YaBoiLewis","FKS",208,1.08,204.7,1.06,72,138.6,0.73,0.33,0.03,0.05,41,9,23,151,142,68,7,11
96,"Slaughter","FB",501,1.08,181.2,1.08,75,118.8,0.68,0.42,0.06,0.05,34,11,23,339,315,210,29,27
97,"LIAN","Want",299,1.08,220.7,1.06,67,142,0.8,0.26,0.1,0.12,33,15,36,240,227,77,31,37
98,"KROSTALY","FUT",665,1.08,202.6,1.12,74,130.9,0.72,0.34,0.09,0.07,30,14,26,479,429,223,61,45
99,"Vitie","TSE",430,1.08,188,1.04,76,124.5,0.68,0.42,0.06,0.07,24,32,34,292,281,182,27,28
100,"MaKo","DRX",263,1.08,194.8,1.01,73,134.9,0.67,0.44,0.04,0.11,27,29,27,176,175,115,8,21
101,"RetrQ","EVX",342,1.08,207.4,1.04,74,137.2,0.74,0.27,0.08,0.08,24,12,24,253,243,92,29,29
102,"Corsa","FMG",264,1.07,215.2,1.06,69,146.3,0.75,0.2,0.11,0.11,31,15,22,197,185,54,30,30
103,"varuxx","MT",301,1.07,208.4,1.07,70,143.1,0.75,0.24,0.09,0.12,31,14,27,227,213,72,26,36
104,"Chaza","GMX",344,1.07,210.5,1.09,70,140.2,0.78,0.15,0.13,0.12,35,17,26,269,246,51,43,41
105,"grubinho","GX",316,1.07,195.3,1.05,73,127,0.68,0.44,0.1,0.06,30,18,21,215,205,139,32,18
106,"Tenshi","BLX",302,1.07,198.9,1.03,70,134.4,0.71,0.26,0.08,0.07,32,10,26,215,209,79,24,21
107,"Newzera","NXR",353,1.07,200.5,1.15,75,135.5,0.74,0.26,0.12,0.09,34,11,25,262,228,91,42,31
108,"Cloud","GX",316,1.07,210.1,1.06,77,138.8,0.74,0.33,0.07,0.07,27,21,22,233,220,105,23,21
109,"tonza","Cala",391,1.07,224.6,1.07,71,149.1,0.79,0.23,0.14,0.11,31,15,26,309,288,88,56,44
110,"Padisah","GS",476,1.07,219.9,1.1,70,143.3,0.8,0.15,0.15,0.1,34,10,28,382,346,73,73,48
111,"Celasun","DATH",336,1.07,208.9,1.16,71,142,0.78,0.14,0.06,0.03,31,10,30,263,226,47,19,11
112,"stunna","The",329,1.07,243.8,1.11,69,159.2,0.82,0.24,0.13,0.11,24,13,24,270,243,79,43,36
113,"Askia","STE",202,1.06,204.1,1.01,75,133.7,0.71,0.35,0.06,0.05,24,15,20,144,142,71,13,10
114,"Noia","SRG",361,1.06,210.4,1.17,71,133.8,0.78,0.14,0.12,0.11,28,16,27,280,239,51,44,38
115,"Brädi","HLT",229,1.06,192.6,1.05,83,127.9,0.68,0.47,0.04,0.05,30,11,21,156,149,107,10,11
116,"PKX","PEEK",245,1.06,187.3,1.13,72,127.8,0.72,0.13,0.09,0.06,35,11,20,176,156,33,23,15
117,"Jade","",272,1.06,231.8,1.15,71,149.8,0.83,0.15,0.14,0.12,27,7,26,225,196,41,39,32
118,"Boomy","Cala",636,1.05,220.9,1.11,71,138.2,0.76,0.21,0.14,0.13,21,15,23,485,437,131,89,81
119,"BuZz","T1",297,1.05,225,1.15,67,140.8,0.78,0.16,0.11,0.15,25,25,21,233,202,48,34,45
120,"westside","GX",316,1.05,193.9,1.13,74,129.9,0.73,0.21,0.12,0.11,37,16,26,231,205,65,39,34
121,"Nia","FCY",255,1.05,241.1,1.11,78,149.7,0.84,0.21,0.19,0.15,29,11,27,215,193,53,48,39
122,"t3xture","GEN",318,1.05,221.4,1.07,67,148.7,0.79,0.16,0.21,0.16,28,6,28,252,235,51,34,26
123,"sickrey","TWS",284,1.05,189,0.99,74,126.4,0.64,0.31,0.07,0.04,25,14,30,181,183,89,19,11
124,"Felix","SGE",259,1.05,186.4,1.07,73,129.8,0.67,0.2,0.07,0.07,25,19,21,174,163,53,19,19
125,"rexxtoned","TLA",424,1.05,194.3,1.08,76,132.6,0.71,0.2,0.1,0.09,45,13,24,300,279,85,43,38
126,"melya","100T",251,1.05,206.5,1,67,132,0.73,0.19,0.16,0.08,26,7,28,183,183,48,41,20
127,"bang","100T",222,1.05,193,1.04,75,125,0.7,0.4,0.07,0.06,34,15,26,155,149,89,15,14
128,"turkish","MOU",208,1.05,206.9,1.03,69,140.3,0.71,0.23,0.06,0.06,27,14,22,148,144,48,13,13
129,"MOLSI","APK",271,1.05,219.9,1.01,69,145.2,0.76,0.18,0.11,0.1,29,3,21,206,203,50,29,28
130,"Cryocells","100T",222,1.05,196.4,1.17,67,126.5,0.74,0.08,0.09,0.13,29,6,26,164,140,17,21,28
131,"BABYBAY","G2",305,1.05,213.3,1.04,72,139,0.72,0.27,0.12,0.08,19,19,18,219,211,82,22,15
132,"Yigox","FB",501,1.05,206.9,1.15,68,136.8,0.75,0.17,0.09,0.1,33,7,29,375,325,85,44,51
133,"WillyG","TSE",352,1.04,186.8,0.97,71,117.2,0.66,0.37,0.07,0.06,26,22,22,231,237,130,24,21
134,"sanoj","F4T",282,1.04,220.8,1.07,73,146.8,0.76,0.21,0.13,0.1,27,16,23,214,200,60,36,29
135,"Shao","NAVI",221,1.04,196.7,1,74,127.2,0.67,0.4,0.11,0.08,36,20,23,149,149,88,24,18
136,"VenTT","GS",476,1.04,181.7,0.97,73,118.3,0.66,0.42,0.05,0.05,30,11,22,315,326,200,22,24
137,"Lethal","Keis",225,1.04,227.9,0.98,68,148.7,0.79,0.28,0.16,0.13,23,9,24,177,181,64,36,29
138,"Ao","NXR",392,1.04,185.2,1.1,74,123,0.68,0.22,0.11,0.06,34,15,23,266,241,85,42,24
139,"Luid","MIBR.AC",282,1.04,224.2,1.12,71,144.9,0.79,0.2,0.18,0.16,29,29,22,222,199,55,50,46
140,"canezerra","NV",496,1.04,242.8,1.04,70,156.2,0.82,0.2,0.16,0.14,22,10,32,408,391,99,80,69
141,"lukyololo","RBT",375,1.03,237.6,1.03,67,156,0.82,0.2,0.14,0.15,27,11,31,306,296,74,53,55
142,"forbanz","2G.AC",236,1.03,225.3,1.07,70,146.9,0.81,0.16,0.16,0.17,28,13,30,192,180,38,37,39
143,"Wildfire","MU",216,1.03,186,0.98,73,126.1,0.65,0.36,0.06,0.07,24,6,28,140,143,77,13,16
144,"atlas","Alli",255,1.03,202.7,1.02,69,137,0.75,0.21,0.1,0.1,27,18,34,190,187,53,25,26
145,"Poseidon","Alli",273,1.03,216.1,1,64,139,0.74,0.21,0.08,0.1,20,10,27,203,204,57,23,27
146,"Izo","Keis",317,1.03,216.1,1.01,73,145.3,0.75,0.27,0.1,0.08,32,10,24,239,236,85,33,26
147,"v1nny","TBK",443,1.03,188.8,1.04,72,130.9,0.66,0.28,0.05,0.07,31,16,20,294,284,122,22,31
148,"Alfajer","FNC",378,1.03,225.5,1.05,70,145.8,0.79,0.22,0.18,0.15,24,9,25,297,284,82,67,57
149,"Spear","EF",902,1.03,203.5,1.1,70,138.8,0.74,0.18,0.11,0.08,36,14,25,666,604,164,98,74
150,"Neptunee","ERAH",413,1.02,204.6,0.98,67,135.5,0.73,0.16,0.1,0.09,27,14,26,302,307,65,43,37
151,"Proxh","M8",424,1.02,196.5,1.06,73,129.4,0.7,0.28,0.07,0.09,32,7,22,297,280,119,29,40
152,"yetujey","FUT",281,1.02,200,1.11,68,134.9,0.72,0.13,0.12,0.09,29,13,28,202,182,37,34,24
153,"avery","GHST",205,1.02,184.7,0.94,70,128.8,0.67,0.25,0.08,0.05,21,22,32,138,147,52,16,10
154,"Goaster","NXR",353,1.02,228.8,1.15,71,144.3,0.81,0.19,0.18,0.18,24,25,27,286,248,68,62,64
155,"hiro","NAVI",221,1.02,197.5,1.05,71,126.7,0.7,0.16,0.07,0.05,29,19,21,154,146,35,16,11
156,"Blahst","LGCY",287,1.02,200.9,1.05,70,129.5,0.72,0.23,0.11,0.08,25,10,22,206,196,66,33,22
157,"Ruxic","NAVI",221,1.02,217,1.11,73,143.5,0.77,0.25,0.11,0.13,26,25,33,171,154,56,24,28
158,"johnqt","SEN",351,1.02,171.1,1.01,75,112.1,0.62,0.37,0.06,0.04,27,14,19,216,214,130,20,13
159,"alexis","SRG",361,1.02,176.8,1.01,72,118.4,0.64,0.33,0.05,0.06,26,5,26,230,227,118,17,20
160,"Cohburg","YFP",257,1.02,209.3,0.99,74,139,0.71,0.29,0.07,0.07,30,15,24,183,185,74,18,19
161,"kami","HLT",404,1.02,222.3,1.07,72,143.4,0.79,0.31,0.1,0.12,26,28,42,321,300,126,42,49
162,"Meteor","T1",297,1.02,219,1.11,71,141.4,0.78,0.21,0.11,0.11,34,15,27,232,209,61,33,32
163,"sacred","BOXR",528,1.02,202.3,1.03,70,133,0.72,0.22,0.08,0.08,27,12,25,379,368,118,43,40
164,"zaj","YDZ",316,1.02,203.1,1.06,68,139,0.73,0.2,0.08,0.11,32,14,23,231,217,64,24,36
165,"ahm4xx","",361,1.02,234.7,1,67,156,0.83,0.15,0.16,0.18,40,18,27,301,302,55,57,66
166,"Jackk","ROSE",473,1.02,183.1,0.99,73,124.6,0.65,0.29,0.05,0.05,24,22,22,309,311,139,22,25
167,"Oak","MT",301,1.01,191.5,0.96,72,131.9,0.67,0.24,0.08,0.07,27,9,22,203,211,72,25,21
168,"Juskay","F9",249,1.01,208.8,0.96,72,141.9,0.73,0.36,0.09,0.1,22,6,25,181,189,89,22,24
169,"PowerPixele","PP",311,1.01,190.2,0.99,75,119.5,0.67,0.45,0.09,0.08,24,27,26,207,209,140,27,26
170,"rod wave","",286,1.01,208.2,0.99,66,143.5,0.76,0.14,0.06,0.09,37,26,28,216,218,40,17,25
171,"haeyoday","Tuff",265,1.01,231.8,1.11,67,153,0.82,0.16,0.15,0.17,36,14,24,218,197,42,41,45
172,"Brave","EF",743,1.01,202.6,1.04,74,131.4,0.7,0.36,0.09,0.1,34,14,24,519,500,270,64,71
173,"Jady","VLNT",471,1.01,196.5,1.03,70,130.9,0.69,0.21,0.09,0.08,39,18,24,325,316,101,44,36
174,"taka","66",245,1.01,214.3,1.12,67,143,0.78,0.17,0.16,0.14,33,6,31,192,172,41,39,35
175,"Kachoww","",336,1.01,203.5,1,76,129.9,0.72,0.37,0.06,0.06,30,22,35,242,242,125,21,20
176,"AvovA","APK",207,1.01,201.9,0.93,66,129.9,0.71,0.26,0.09,0.07,38,19,20,147,158,54,19,15
177,"desire","FUR.AC",245,1,208.5,0.99,72,136.3,0.7,0.31,0.12,0.07,34,13,21,171,173,76,30,16
178,"Laz","FS",386,1,179.9,1.03,73,120.3,0.65,0.17,0.06,0.05,30,20,24,250,242,65,22,21
179,"beeb","Cala",376,1,197.9,0.96,76,127.5,0.68,0.36,0.11,0.08,21,24,26,254,265,134,42,30
180,"Techno","S8UL",218,1,201.6,0.97,74,134.3,0.68,0.35,0.12,0.11,26,12,20,148,152,77,27,23
181,"Jelly","TLV",274,1,217.5,1.04,69,142.7,0.76,0.22,0.18,0.18,29,17,24,207,199,60,48,50
182,"MrFaliN","FUT",281,1,196.1,1.02,70,132.8,0.68,0.27,0.09,0.11,27,11,24,190,187,75,26,32
183,"melissa","MIBR.GC",333,1,182.4,1.01,74,120.6,0.65,0.27,0.05,0.06,31,18,20,217,214,89,16,20
184,"Serial","TL",208,1,197.2,1.05,70,136.7,0.74,0.13,0.09,0.1,43,9,28,154,146,26,18,20
185,"leaf","G2",305,1,193.7,0.97,80,116.8,0.64,0.42,0.05,0.08,24,13,19,194,201,129,10,14
186,"demek","MKF",359,1,216.2,1.07,69,137,0.77,0.18,0.18,0.15,20,8,25,278,261,66,63,53
187,"Flashback","DRX",263,1,225.3,1.13,71,142.6,0.81,0.18,0.13,0.12,25,10,24,212,188,47,26,23
188,"Shazeon","ATN",420,1,202.4,1.04,69,136,0.74,0.18,0.1,0.09,33,7,29,309,297,75,42,37
189,"gMd","TSM",228,1,179.5,0.95,75,114.4,0.61,0.4,0.06,0.06,30,17,16,140,147,91,13,13
190,"SimonD4rk","DSY",397,1,208.4,1.08,71,134.5,0.77,0.16,0.15,0.14,19,9,27,304,282,65,59,57
191,"kramarick","ELV",443,1,178.6,1.04,72,120,0.66,0.18,0.07,0.08,27,19,23,294,282,80,32,35
192,"BeYN","DRX",263,1,192.3,1.02,75,128.6,0.68,0.22,0.05,0.09,26,17,23,179,176,59,9,18
193,"snowing","KUMA",344,1,200.7,1,69,135,0.69,0.21,0.1,0.1,31,9,26,237,236,71,35,34
194,"WanZeru","SM",424,1,215.5,1.03,72,138.5,0.75,0.2,0.18,0.14,25,18,22,318,310,86,76,61
195,"DeadInk","S2G",336,0.99,225.1,1.05,71,138.8,0.78,0.15,0.21,0.19,22,19,26,262,250,49,70,63
196,"YESicaN","FCY",358,0.99,166.5,0.98,77,116,0.6,0.27,0.06,0.06,29,17,21,216,221,98,23,22
197,"WerlasS","GS",476,0.99,182.2,0.95,71,121.9,0.65,0.26,0.06,0.06,27,16,22,311,328,126,30,28
198,"Logan","QOR",425,0.99,187.5,1.02,69,125.9,0.67,0.19,0.11,0.1,24,11,23,285,279,79,46,43
199,"shinnok","MZP",329,0.99,192,0.95,72,128.7,0.66,0.3,0.09,0.07,26,16,22,216,228,100,30,24
200,"curry","SEN",435,0.99,174.1,0.96,71,114.7,0.63,0.33,0.04,0.03,31,22,24,276,287,142,19,13
201,"tricky","RAD",313,0.99,195.4,1,71,133.4,0.7,0.2,0.11,0.09,34,3,32,220,221,64,35,29
202,"aztex","",282,0.99,170.2,0.93,76,113.7,0.59,0.38,0.06,0.07,33,23,18,166,179,106,16,19
203,"zander","CUBE",433,0.99,209.2,0.97,74,133.7,0.71,0.35,0.09,0.09,29,7,25,308,316,153,40,41
204,"Kyu","SEN",351,0.99,182.4,1.03,72,121.5,0.64,0.31,0.04,0.08,26,28,21,224,218,109,13,29
205,"xuss","FKS",471,0.99,214.7,1.05,68,137.9,0.76,0.13,0.17,0.18,29,13,29,359,341,63,81,83
206,"dre","ROSE",393,0.99,192.6,0.96,70,124.7,0.67,0.31,0.06,0.07,32,16,20,264,276,120,25,29
207,"Waddles","VNR",264,0.99,199.1,0.9,72,132.6,0.7,0.36,0.05,0.08,29,11,19,184,204,96,12,22
208,"Asuna","100T",222,0.99,173.8,0.84,73,121.1,0.56,0.59,0.07,0.08,17,25,23,125,148,132,16,18
209,"Dillon","",214,0.99,197.1,0.95,66,127.9,0.7,0.25,0.08,0.14,34,16,23,150,158,54,17,29
210,"glowstick","YFP.X",203,0.99,182.2,0.98,80,115.8,0.61,0.34,0.06,0.06,22,14,19,123,126,70,12,12
211,"meL","SRG",361,0.98,181,0.96,73,118.9,0.61,0.4,0.09,0.09,26,6,20,222,232,145,32,31
212,"nightz","CUBE",272,0.98,207.5,0.94,68,134.5,0.72,0.29,0.12,0.15,37,12,23,197,209,80,32,42
213,"Filu","NAVI",221,0.98,220.3,1.04,73,148.9,0.78,0.16,0.15,0.17,28,14,29,172,166,35,33,38
214,"Leosen","SGE",259,0.98,202.3,0.99,71,128.9,0.73,0.39,0.11,0.09,32,10,21,190,191,101,29,24
215,"sunfloweR","ESC",285,0.98,214.2,1.04,74,146.8,0.74,0.19,0.12,0.11,28,9,27,212,204,55,34,31
216,"Hoax","S8UL",218,0.98,164.2,0.91,70,121.6,0.57,0.26,0.04,0.04,23,20,25,125,137,56,9,9
217,"reazy","S2G",336,0.98,204.3,1.01,67,135.6,0.73,0.22,0.12,0.13,37,23,27,245,242,74,41,42
218,"Zanks","Ace",362,0.98,207.7,0.91,71,132,0.72,0.45,0.07,0.07,30,7,22,260,286,163,25,27
219,"Deadly10","RAD",313,0.98,195.8,1.01,70,124.1,0.72,0.24,0.14,0.11,30,10,24,224,222,74,43,35
220,"Binh","NXR",353,0.98,182.7,0.98,72,126.2,0.65,0.25,0.05,0.03,34,11,21,228,233,87,17,12
221,"Veqaj","FNC",378,0.98,185.8,0.98,68,126,0.66,0.26,0.04,0.06,27,20,20,248,253,98,17,22
222,"RayUndaunted","Oryn",259,0.98,187.2,0.93,67,126.3,0.66,0.28,0.07,0.09,21,13,21,172,184,73,17,23
223,"Kring","TBK",282,0.98,200.8,1,72,130.3,0.69,0.35,0.07,0.09,29,27,24,194,194,99,20,24
224,"Lele","ING",322,0.98,200.7,0.96,70,128.1,0.71,0.27,0.11,0.12,24,8,26,228,237,88,35,39
225,"cuz","FCN",280,0.98,215.7,0.98,74,144.1,0.74,0.28,0.13,0.11,28,21,31,206,211,79,35,31
226,"kubfu","BNK",354,0.98,197.5,0.96,69,132.3,0.71,0.27,0.08,0.09,25,13,25,251,261,94,30,32
227,"Kushy","RRQ",200,0.98,190.3,0.89,75,123.5,0.62,0.36,0.06,0.05,17,22,19,124,139,71,11,9
228,"Monyet","RRQ",200,0.98,196.3,0.93,72,126.4,0.67,0.36,0.11,0.13,27,13,19,134,144,72,20,23
229,"narky poo","Lost",331,0.97,226.6,1.05,67,143,0.79,0.17,0.2,0.2,32,24,32,263,251,57,67,65
230,"robz","ERAH",314,0.97,175.1,0.89,71,115.1,0.63,0.3,0.06,0.06,34,10,21,197,222,93,19,20
231,"exa","SRB",310,0.97,198.4,1,70,131.5,0.7,0.26,0.07,0.07,30,10,26,218,219,81,21,22
232,"nAyte","DIV",276,0.97,192.9,0.94,67,130.6,0.68,0.26,0.06,0.09,26,11,20,188,200,73,16,24
233,"Foxie","VIT.RE",471,0.97,184.7,0.93,75,120.5,0.63,0.35,0.06,0.09,32,10,24,297,318,166,30,42
234,"kaajak","FNC",378,0.97,199.6,1.03,66,131.2,0.71,0.15,0.16,0.16,36,12,22,269,262,55,59,60
235,"Michel","RBT",375,0.97,214.3,1.02,67,137,0.78,0.15,0.17,0.14,32,11,26,291,285,58,62,52
236,"CyderX","EF",544,0.97,176.4,0.99,72,118,0.62,0.24,0.06,0.05,25,14,21,339,342,133,34,27
237,"Vivik","LP",355,0.97,192,0.97,64,131.3,0.7,0.12,0.09,0.1,31,7,25,249,256,41,31,35
238,"Booey","Want",217,0.97,224.1,0.97,72,141.3,0.79,0.29,0.07,0.09,20,9,26,172,177,64,16,19
239,"xffero","RRQ",200,0.97,169.1,0.98,70,117.2,0.62,0.21,0.04,0.06,26,9,22,124,127,42,7,10
240,"ven","PRS",265,0.97,207.5,1.05,69,140.4,0.75,0.19,0.07,0.07,33,14,26,198,189,51,18,19
241,"baha","FUT",281,0.96,180.4,0.98,74,114,0.65,0.42,0.06,0.08,36,21,17,182,186,118,18,22
242,"ANXiOS","XLG",430,0.96,178.9,0.92,73,113.8,0.63,0.39,0.06,0.1,23,16,20,271,295,167,24,41
243,"Br0zgA","",320,0.96,179.5,0.89,68,117.1,0.62,0.34,0.07,0.08,26,24,24,197,222,108,23,26
244,"ZynX","GEN",318,0.96,204.1,1.09,67,131.1,0.74,0.19,0.11,0.1,34,18,24,236,216,59,18,17
245,"Kess","CUBE",272,0.96,188.6,0.93,70,126.8,0.65,0.28,0.04,0.05,24,10,23,178,192,75,12,13
246,"Zexy","VL",212,0.96,219.3,0.99,65,137.2,0.75,0.16,0.21,0.2,30,15,22,158,160,33,44,43
247,"nico","",212,0.96,207,0.93,65,138.6,0.73,0.18,0.13,0.17,32,21,21,154,166,39,28,37
248,"VantiK","PRS",249,0.96,195.2,0.88,67,123.9,0.65,0.37,0.1,0.1,27,11,20,162,185,93,25,26
249,"ion2x","NV",624,0.96,206,0.98,68,134.8,0.74,0.25,0.15,0.17,28,13,29,464,475,153,95,104
250,"Rouss","SIKO",302,0.96,189.8,0.98,69,128,0.68,0.23,0.07,0.1,40,10,20,205,209,69,21,30
251,"stax","T1",297,0.96,178.4,0.95,73,119.4,0.63,0.28,0.05,0.06,30,21,24,187,196,84,14,18
252,"gizmoh","Ace",356,0.96,217.8,0.93,71,142.8,0.76,0.21,0.12,0.15,28,3,23,269,289,76,43,53
253,"Thuy","ZER.M",231,0.96,181,0.89,72,123.6,0.65,0.39,0.07,0.06,28,29,23,150,168,89,16,14
254,"heartless","wows",235,0.95,194.7,0.99,70,133.2,0.69,0.31,0.06,0.08,26,8,26,161,162,73,14,19
255,"mmonch","KRÜB",243,0.95,187.2,0.96,69,125.7,0.65,0.22,0.06,0.08,27,21,27,159,166,54,15,19
256,"Wintxrr","LP",358,0.95,194.1,0.88,66,127.2,0.68,0.31,0.07,0.05,31,11,27,245,278,112,24,18
257,"LIMPE","HLT",229,0.95,190.2,1.01,71,124.8,0.7,0.19,0.11,0.09,22,37,26,161,159,44,25,21
258,"N4RRATE","SEN",351,0.95,211.2,0.99,69,139.9,0.72,0.21,0.16,0.19,21,20,23,254,256,75,57,66
259,"Sevire","KCBS",405,0.95,180.5,0.93,76,120.6,0.65,0.35,0.06,0.09,35,16,23,264,285,140,25,37
260,"c0n","Want",260,0.95,196.3,0.94,64,130.4,0.69,0.17,0.07,0.1,34,21,24,179,190,45,17,26
261,"sorex","happ",241,0.95,179.2,0.95,71,115.9,0.67,0.15,0.06,0.05,39,12,19,161,170,37,14,11
262,"hellff","S8UL",218,0.95,194.6,1.03,72,124.9,0.71,0.26,0.08,0.13,26,18,22,154,150,56,18,29
263,"Sand","TWS",306,0.95,190.7,0.96,68,122.2,0.69,0.22,0.12,0.1,29,25,23,211,219,68,38,31
264,"Timotino","100T",222,0.95,210.8,0.95,66,135.6,0.72,0.22,0.18,0.18,25,11,27,160,168,48,40,41
265,"payne","MOBAP",352,0.95,187.8,0.94,74,123.6,0.66,0.4,0.04,0.09,37,16,23,233,247,141,14,30
266,"lissA","MIBR.GC",333,0.95,182.3,0.95,70,121.5,0.65,0.33,0.1,0.07,28,15,22,215,227,109,32,23
267,"Lakia","GEN",318,0.94,185.8,0.95,70,127.4,0.65,0.24,0.06,0.07,27,27,18,206,217,77,10,11
268,"v1c","C9",281,0.94,180.9,0.92,72,115.8,0.61,0.39,0.08,0.1,25,13,23,171,186,109,22,27
269,"Jerado","Want",260,0.94,209.5,0.92,68,131.6,0.75,0.28,0.09,0.06,28,7,38,196,213,72,24,16
270,"Zellsis","C9",281,0.94,177.3,0.9,78,119.2,0.6,0.32,0.07,0.11,22,9,19,168,187,89,21,30
271,"persona11","MTV",240,0.94,218.2,1.02,75,141.2,0.76,0.19,0.12,0.15,23,NA,23,182,179,46,29,35
272,"Spocki","GSH",242,0.94,167.3,0.94,67,112.1,0.61,0.24,0.05,0.05,35,13,21,147,156,59,12,13
273,"zoriental","",203,0.94,225.2,1.07,70,145.6,0.8,0.24,0.14,0.14,30,NA,24,162,151,49,29,29
274,"Fragger","UCAM",209,0.94,191.1,0.88,69,123.1,0.68,0.33,0.1,0.06,33,21,23,142,161,69,20,12
275,"JohnieBoy","BLX",303,0.94,171.6,0.85,69,114.9,0.59,0.4,0.09,0.07,21,15,23,178,209,122,26,22
276,"poegii","Ging",261,0.94,179.3,0.98,67,118.9,0.65,0.25,0.06,0.09,20,10,25,169,172,64,16,23
277,"Xeppaa","C9",281,0.94,169.5,0.96,73,109,0.62,0.26,0.07,0.06,28,10,22,175,183,72,20,16
278,"Battison","TTV",205,0.93,198.9,0.87,61,136.3,0.72,0.19,0.13,0.15,31,8,26,147,169,39,27,31
279,"Pie","Colo",301,0.93,172.6,0.79,70,122.8,0.56,0.36,0.03,0.04,21,14,17,170,214,107,9,11
280,"Jamppi","VIT",299,0.93,180.9,0.96,70,119.6,0.63,0.23,0.08,0.08,27,28,17,189,196,69,23,24
281,"flank","LP",270,0.93,198,0.94,65,128.8,0.7,0.16,0.16,0.2,25,23,27,189,201,42,42,54
282,"darkwinjett","GSH",242,0.93,210.6,0.94,69,137.1,0.73,0.21,0.15,0.18,21,8,26,177,189,50,37,43
283,"eearslan","ING",401,0.93,194.6,0.96,66,129.4,0.7,0.19,0.11,0.13,26,7,24,282,295,78,44,54
284,"skylen","EF",475,0.93,176.6,0.94,74,115.5,0.63,0.23,0.07,0.05,37,21,22,298,317,107,31,25
285,"C1ndeR","VL",212,0.92,170.8,0.87,71,105.2,0.58,0.38,0.03,0.06,24,13,19,123,142,81,7,12
286,"d3mur","ESC",217,0.92,193.9,0.93,64,125.6,0.71,0.13,0.13,0.18,32,26,18,153,164,29,29,39
287,"free1ng","DRX",263,0.92,201.2,1.06,66,123.8,0.71,0.22,0.1,0.08,28,19,25,187,177,58,19,15
288,"soren","KCBS",345,0.92,194.8,0.92,63,126.3,0.7,0.17,0.11,0.14,36,13,24,241,262,60,39,50
289,"Jahbu","RBT",375,0.92,176.8,0.96,68,120.5,0.65,0.16,0.07,0.08,33,21,24,245,255,61,28,30
290,"Kongi","GSH",242,0.92,179.7,0.87,69,119.5,0.6,0.28,0.08,0.07,25,17,21,145,167,67,20,18
291,"duhT","ELV",443,0.92,181.8,0.88,73,122.2,0.62,0.4,0.09,0.09,21,24,20,273,309,179,42,42
292,"Recoil","TU",314,0.92,203.7,0.94,72,133.2,0.72,0.21,0.12,0.1,30,9,23,226,240,67,39,30
293,"Tofu","",329,0.92,199.5,0.93,67,135.7,0.71,0.22,0.05,0.07,31,13,22,233,251,71,17,24
294,"RYKER","5 BI",283,0.91,215.6,0.95,65,140.4,0.75,0.19,0.14,0.16,28,24,26,212,223,53,40,46
295,"Vince","CGN",271,0.91,160.8,0.82,73,108.2,0.55,0.46,0.07,0.07,18,24,20,149,181,126,19,20
296,"Zeask","GS",476,0.91,209,0.91,70,135.3,0.73,0.19,0.2,0.18,30,12,24,349,384,89,97,86
297,"cuteasa","YDZ.GC",205,0.91,208.2,0.9,63,135.2,0.7,0.17,0.06,0.13,23,4,32,144,160,34,13,26
298,"SkrubbleBubble","COO",257,0.91,175.6,0.94,66,124.8,0.67,0.16,0.1,0.14,25,16,30,173,185,40,25,35
299,"sonofcar","UST",235,0.91,202.3,0.9,67,135.5,0.68,0.2,0.18,0.14,25,7,25,160,178,48,43,34
300,"vita","Dyna",500,0.91,214.8,0.94,66,138.9,0.74,0.19,0.17,0.16,27,32,32,372,395,97,83,79
301,"satellite","CUBE",433,0.91,176,0.9,71,113.6,0.64,0.27,0.13,0.1,18,15,23,275,306,116,56,44
302,"DataKiller","ROSE",203,0.91,179,0.83,67,113.7,0.61,0.28,0.04,0.1,32,8,18,124,149,56,9,20
303,"NeFi","FMG",359,0.91,162.4,0.87,70,107.8,0.55,0.31,0.04,0.04,28,15,19,199,230,112,16,16
304,"Eggsterr","NV",314,0.91,191.3,0.91,72,125.9,0.68,0.22,0.08,0.15,27,19,22,215,235,68,26,46
305,"Zamal","VLYN",257,0.91,218.6,0.95,67,144.3,0.75,0.15,0.15,0.11,32,NA,28,192,202,39,39,29
306,"tobseN","ING",401,0.91,176.3,0.86,68,113.5,0.63,0.35,0.07,0.07,27,7,20,254,296,142,27,28
307,"TITOUNE","TDB",349,0.91,199.4,0.95,68,131.7,0.71,0.15,0.16,0.16,23,13,23,249,262,54,56,56
308,"kyrrz","RBT",375,0.91,161.4,0.88,72,107.7,0.56,0.31,0.05,0.05,34,10,22,210,239,116,17,19
309,"Bully","CLS",352,0.91,182.4,0.91,65,124.4,0.62,0.17,0.08,0.09,25,11,22,219,241,61,27,31
310,"Ash","GEN",318,0.91,178.1,0.95,69,107.2,0.63,0.35,0.09,0.08,28,24,26,199,209,112,14,13
311,"calamity","Cala",701,0.91,208.6,0.91,70,135.9,0.72,0.31,0.1,0.11,27,19,25,505,557,219,73,78
312,"Awkua","SaD",295,0.91,205.4,0.92,71,133.3,0.74,0.24,0.13,0.12,37,6,26,218,236,72,37,34
313,"sizo","",211,0.91,169,0.85,67,110.5,0.61,0.28,0.06,0.09,32,16,18,128,150,60,12,18
314,"YHYDRO","",320,0.9,204.3,0.91,66,128.2,0.7,0.28,0.14,0.18,21,11,25,224,246,90,46,57
315,"Mihlog","FCY",320,0.9,182,0.86,73,115.9,0.61,0.43,0.1,0.11,30,15,21,195,226,137,33,36
316,"Mistic","FKS",225,0.9,167.6,0.88,68,113.7,0.6,0.26,0.04,0.05,36,14,20,136,154,58,9,12
317,"sociablEE","NAVI",221,0.9,171.9,0.81,71,122,0.58,0.37,0.08,0.05,28,17,23,128,158,81,17,12
318,"Lethalz","",286,0.89,206.3,0.88,66,123.8,0.7,0.25,0.16,0.15,16,7,23,200,228,72,46,43
319,"Joojina","TLV",274,0.89,167.7,0.88,73,114.3,0.61,0.4,0.06,0.09,32,20,23,168,190,110,17,26
320,"basya","OXJ",385,0.89,171.6,0.87,70,120,0.61,0.19,0.05,0.1,27,13,20,236,270,75,20,39
321,"sayuri","MIBR.GC",333,0.89,166.7,0.8,79,108.5,0.58,0.47,0.05,0.1,19,15,21,193,240,157,18,33
322,"Racoone","The",613,0.89,183.2,0.86,70,116,0.62,0.31,0.08,0.1,15,14,25,379,439,189,52,64
323,"PapaSmurf","EVX",377,0.89,173.3,0.81,68,115.3,0.59,0.31,0.06,0.06,25,15,20,224,277,117,21,24
324,"pika","MKF",228,0.89,190.4,0.86,70,130.3,0.66,0.27,0.08,0.11,33,6,28,151,175,62,19,25
325,"Redgar","MIR",385,0.89,167.7,0.83,69,110.8,0.59,0.28,0.05,0.05,40,7,23,228,276,108,18,21
326,"NiSMO","CUBE",272,0.89,182.5,0.83,71,124.1,0.62,0.32,0.07,0.08,29,13,20,168,203,87,18,21
327,"rYn","LP",500,0.88,170.9,0.86,66,110.8,0.62,0.25,0.08,0.11,35,13,23,308,357,123,39,54
328,"msh","Z10",359,0.88,181.2,0.88,68,119.1,0.64,0.21,0.09,0.08,37,18,20,229,259,77,32,27
329,"disisjohn","SGE",259,0.88,199.9,0.9,69,129.3,0.69,0.24,0.14,0.17,25,5,23,180,201,61,35,45
330,"Tim","LGCY",217,0.88,182.2,0.84,70,117.5,0.65,0.39,0.1,0.07,29,15,27,141,168,84,22,16
331,"Pitou","ERAH",314,0.88,188.8,0.88,63,127.1,0.69,0.16,0.15,0.17,32,15,24,216,246,51,47,53
332,"landzin","",223,0.88,176.5,0.81,68,121.3,0.6,0.39,0.06,0.08,21,13,22,134,166,87,13,17
333,"Shak0w","Colo",202,0.88,173.4,0.83,70,108.8,0.62,0.44,0.09,0.1,24,13,17,126,152,89,18,21
334,"lux9","VIT.RE",276,0.88,211.7,0.9,67,136.7,0.73,0.16,0.21,0.21,21,NA,26,201,223,44,57,57
335,"NRK","HOB",208,0.88,172,0.83,73,115.4,0.6,0.39,0.04,0.08,24,12,23,124,150,81,8,16
336,"Ximy","MT",301,0.88,164.2,0.83,72,103.9,0.58,0.37,0.05,0.08,28,11,24,176,213,112,15,23
337,"Yohpa","KCBS",254,0.88,173.3,0.79,69,117.7,0.59,0.27,0.05,0.04,32,14,19,150,189,68,13,10
338,"KPZET","BAR",208,0.88,184.4,0.87,71,121.4,0.65,0.22,0.09,0.11,40,5,19,135,155,45,19,22
339,"Potter","FS",386,0.88,188.3,0.93,69,119.9,0.67,0.19,0.15,0.14,25,8,24,257,275,72,57,53
340,"P0PPIN","NV",314,0.87,176.4,0.84,67,118.3,0.6,0.31,0.07,0.13,31,19,21,189,226,98,21,40
341,"Austinair","Ace",260,0.87,171.5,0.79,70,111.9,0.58,0.27,0.05,0.08,14,16,23,151,190,69,14,22
342,"Anoxai","KBG",286,0.87,193.9,0.89,67,129.2,0.68,0.17,0.16,0.17,18,NA,24,195,219,48,47,48
343,"hAwksinho","VLNT",207,0.87,219.3,0.91,61,129.2,0.74,0.14,0.22,0.19,23,36,25,154,170,30,46,39
344,"krm","MT",242,0.87,180.3,0.85,65,118.2,0.62,0.21,0.1,0.07,28,12,22,150,177,52,24,16
345,"Touven","SUP",217,0.87,172.1,0.8,73,117.3,0.59,0.37,0.07,0.08,23,6,22,127,158,81,16,18
346,"H1ber","RBT",332,0.87,182.7,0.86,67,126.4,0.62,0.26,0.08,0.09,31,10,22,207,242,85,27,30
347,"moner","BWBB",348,0.87,168.7,0.82,67,117.7,0.59,0.21,0.1,0.08,24,10,23,206,252,73,34,29
348,"oonzmlp","VL",212,0.86,185.6,0.94,65,114.8,0.68,0.13,0.1,0.1,27,6,20,144,153,28,22,21
349,"Scottie","The",406,0.86,157.7,0.82,67,102,0.55,0.3,0.06,0.1,23,14,20,223,272,120,25,41
350,"miyara","GHST",205,0.86,157.9,0.74,69,112.3,0.54,0.31,0.04,0.06,24,18,20,111,150,63,8,13
351,"Shawn12590","NSIC",266,0.86,179.6,0.91,69,122,0.65,0.15,0.07,0.1,31,9,22,172,189,41,18,27
352,"Karon","GEN",318,0.86,183.8,0.98,64,113.1,0.68,0.16,0.07,0.06,33,14,22,216,221,52,11,9
353,"Klamran","Team",298,0.86,181.9,0.84,67,121.8,0.66,0.24,0.11,0.11,22,13,20,196,233,72,34,34
354,"tdawgg","BOXR",387,0.86,155.1,0.77,71,102.5,0.52,0.39,0.05,0.1,24,12,23,203,263,150,18,40
355,"ianto","BNK",354,0.85,169.9,0.79,68,117.6,0.57,0.29,0.05,0.08,23,8,18,203,257,101,19,28
356,"Kouf","YFP",210,0.85,167.6,0.8,68,113.7,0.58,0.24,0.07,0.1,22,14,23,122,152,51,15,20
357,"Aethen","CCG",351,0.84,162.7,0.74,68,113.3,0.54,0.31,0.05,0.07,26,10,21,190,258,108,17,23
358,"crow","GoFu",320,0.84,153.2,0.75,74,104.6,0.52,0.37,0.04,0.04,27,8,20,167,224,119,12,13
359,"jinwoo","Want",260,0.84,204.5,0.82,63,137.8,0.69,0.24,0.17,0.16,26,16,23,179,217,63,44,41
360,"WIRE","MVR.GC",205,0.84,186.3,0.82,64,128.7,0.65,0.26,0.14,0.16,32,27,29,133,163,53,28,33
361,"picklespear","",285,0.84,186.3,0.82,67,120.2,0.66,0.31,0.06,0.11,29,10,19,189,230,87,18,30
362,"zeddy","BWBB",304,0.84,187.9,0.79,68,121.6,0.63,0.38,0.09,0.15,25,18,28,192,244,114,28,45
363,"Tootsie","Want",356,0.84,164.8,0.78,67,118.4,0.57,0.29,0.04,0.09,24,14,24,203,259,103,16,31
364,"lyrical","rayq",232,0.84,170.4,0.79,64,113.9,0.57,0.25,0.09,0.09,22,5,20,132,168,58,21,21
365,"Blossi","ATNR",272,0.83,152.6,0.72,72,99.1,0.5,0.45,0.06,0.08,31,6,15,137,190,123,16,21
366,"Ronga","",422,0.83,195.7,0.82,66,131.7,0.67,0.28,0.09,0.14,31,10,26,284,348,118,36,59
367,"semik","PHX",226,0.83,184.7,0.84,70,123.6,0.64,0.22,0.12,0.1,36,17,17,144,172,50,27,23
368,"dynamic","TOR",234,0.83,182.8,0.78,65,118.2,0.63,0.23,0.13,0.13,28,12,20,147,188,53,30,30
369,"ExpiredNuts","Want",214,0.83,200.8,0.82,67,130.4,0.65,0.2,0.19,0.17,22,NA,29,139,170,43,40,36
370,"Heizzy","RZN",228,0.83,176.5,0.84,67,116.2,0.63,0.26,0.11,0.15,37,10,17,144,171,60,24,34
371,"evv","YFP.X",200,0.82,193.1,0.82,72,123.6,0.66,0.36,0.11,0.17,22,21,21,131,159,72,22,33
372,"Foty","ERAH",203,0.81,167,0.8,68,115,0.58,0.19,0.06,0.09,23,16,17,118,148,39,13,19
373,"Yuki","Mona",249,0.81,181.9,0.79,68,115.3,0.63,0.26,0.07,0.12,20,12,26,157,199,65,18,30
374,"STAVINCI","ATN",318,0.81,166.3,0.78,68,106.8,0.57,0.35,0.06,0.09,30,10,19,182,234,112,20,29
375,"ibonata","FB",501,0.8,157.4,0.76,69,107.3,0.52,0.35,0.03,0.08,20,14,21,260,344,176,16,40
376,"santi","",214,0.8,185.3,0.8,69,123.9,0.62,0.28,0.08,0.12,17,16,21,132,165,60,17,26
377,"Rxchyy","ING",207,0.8,164,0.77,59,114,0.6,0.22,0.12,0.15,34,13,21,125,162,46,25,31
378,"hieu","ROSE",387,0.79,198.4,0.82,69,131.4,0.67,0.21,0.13,0.16,31,23,22,259,315,81,51,61
379,"Che","CLS",202,0.79,173.2,0.77,71,114.8,0.58,0.31,0.11,0.13,30,NA,16,118,153,63,23,26
380,"Dokusei","LP",424,0.79,147.5,0.72,66,98.1,0.51,0.25,0.06,0.09,31,12,21,215,300,106,27,38
381,"m4xikk","OXJ",204,0.78,151.4,0.73,68,101.7,0.55,0.25,0.07,0.07,42,15,16,113,154,52,14,14
382,"Mochi","NOVO.NI",250,0.78,167.2,0.75,58,117.9,0.58,0.13,0.05,0.1,33,8,21,145,194,32,12,24
383,"isaa","TLV",274,0.78,154.8,0.79,65,103,0.55,0.2,0.05,0.11,29,10,18,150,190,54,15,30
384,"Chechuu","MT",301,0.77,150.9,0.72,69,98.2,0.54,0.34,0.05,0.1,27,5,19,163,227,103,15,29
385,"GrimReaper874","Pres",265,0.77,144.6,0.69,68,96.1,0.48,0.34,0.06,0.08,21,7,21,128,185,90,16,20
386,"sherb","Astr",260,0.76,159.5,0.71,63,102.9,0.55,0.23,0.06,0.09,28,10,21,143,202,60,15,23
387,"glovee","GS",476,0.75,154.2,0.7,66,106.2,0.52,0.27,0.05,0.09,27,9,20,248,352,127,24,44
388,"majusia","NOVO.NI",250,0.74,173.7,0.71,58,113.8,0.61,0.12,0.13,0.17,38,11,16,152,215,29,32,43
389,"Ktori","HOB",364,0.74,189.4,0.78,63,124,0.65,0.2,0.16,0.15,32,7,24,236,304,71,60,54
390,"Spexleon","BDX",251,0.74,162.2,0.76,63,109.1,0.58,0.18,0.07,0.1,30,13,20,145,190,44,17,25
391,"Garv","GEA",313,0.73,177.4,0.77,67,116.2,0.6,0.24,0.09,0.19,26,11,19,189,247,75,28,61
392,"rain","Team",310,0.73,152.8,0.67,62,106.9,0.53,0.2,0.07,0.1,23,17,16,163,242,62,23,30
393,"askoo","NFM",320,0.73,150.3,0.68,68,99.9,0.51,0.3,0.03,0.08,30,19,20,164,240,97,9,26
394,"Tommy","ERAH",248,0.72,146.5,0.65,59,96.7,0.5,0.3,0.1,0.13,34,8,15,123,190,75,24,33
395,"pashalime","LC",257,0.68,132.5,0.59,70,92.7,0.44,0.29,0.04,0.05,31,10,18,112,190,74,11,14
396,"ryota","NOVO.NI",250,0.66,136.3,0.61,59,96.4,0.48,0.2,0.04,0.11,27,4,22,121,197,50,11,28
397,"SexyChristian","SAD",266,0.65,144.1,0.59,66,94.7,0.48,0.28,0.05,0.09,30,10,13,128,217,75,13,23
398,"Platy","",260,0.58,153.1,0.6,57,98.4,0.51,0.17,0.12,0.25,21,11,19,132,220,44,30,66
399,"f0rsakeN","PRX",246,NA,206.8,1.13,NA,NA,0.76,0.35,NA,NA,NA,NA,21,188,167,85,0,0
400,"d4v41","PRX",246,NA,219.7,1.12,NA,NA,0.76,0.22,NA,NA,NA,NA,23,188,168,54,0,0
401,"Jinggg","PRX",246,NA,224.8,1.12,NA,NA,0.76,0.22,NA,NA,NA,NA,29,188,168,53,0,0
402,"something","PRX",246,NA,216.3,1.15,NA,NA,0.8,0.21,NA,NA,NA,NA,24,196,170,51,0,0
403,"Life","FPX",238,NA,218.4,1.01,NA,NA,0.79,0.15,NA,NA,NA,NA,29,187,185,35,0,0
404,"Setrod","FPX",238,NA,181.2,0.85,NA,NA,0.6,0.24,NA,NA,NA,NA,17,143,169,58,0,0
405,"AAAAY","FPX",238,NA,173.5,0.87,NA,NA,0.64,0.2,NA,NA,NA,NA,20,152,174,47,0,0
406,"BerLIN","FPX",238,NA,186.2,0.94,NA,NA,0.66,0.27,NA,NA,NA,NA,22,156,166,65,0,0
407,"Ezeir","NOVA",211,NA,206.2,0.99,NA,NA,0.7,0.24,NA,NA,NA,NA,19,148,149,51,0,0
408,"GuanG","NOVA",211,NA,205.5,0.98,NA,NA,0.75,0.14,NA,NA,NA,NA,26,158,161,30,0,0
409,"OBONE","NOVA",211,NA,191.4,0.92,NA,NA,0.66,0.35,NA,NA,NA,NA,21,139,151,74,0,0
410,"GREEN","NOVA",211,NA,199.2,0.92,NA,NA,0.69,0.26,NA,NA,NA,NA,21,146,158,54,0,0
411,"heybay","NOVA",211,NA,150.7,0.78,NA,NA,0.55,0.27,NA,NA,NA,NA,22,115,147,56,0,0
412,"nobody","EDG",238,NA,208.6,1.19,NA,NA,0.74,0.25,NA,NA,NA,NA,21,177,149,60,0,0
413,"Smoggy","EDG",238,NA,216.8,1.26,NA,NA,0.78,0.42,NA,NA,NA,NA,27,186,148,99,0,0
414,"CHICHOO","EDG",238,NA,230.2,1.25,NA,NA,0.8,0.3,NA,NA,NA,NA,30,191,153,71,0,0
415,"cb","EDG",238,NA,220.4,1.17,NA,NA,0.75,0.23,NA,NA,NA,NA,20,178,152,55,0,0
416,"Jieni7","EDG",238,NA,186.3,1,NA,NA,0.68,0.16,NA,NA,NA,NA,21,163,163,37,0,0
417,"invy","PRX",246,NA,187.3,1.17,NA,NA,0.68,0.3,NA,NA,NA,NA,19,167,143,75,0,0
